"datetime_fitted","manual_fit","Region","Year","Mean","Median","StDev","t.start.","t.max.","t.end.","t.duration.","Magnitude.real.","Magnitude.fit.","Amplitude.real.","Amplitude.fit.","Flags","B0","h","sigma","beta","failure_code","RMSE","settings_region","settings_sat_alg","settings_concentration_type","settings_year","settings_interval","settings_log_chla","settings_yearday_slide","settings_percent","settings_outlier","settings_dailystat","settings_pixrange1","settings_pixrange2","settings_fitmethod","settings_bloomShape","settings_smoothMethod","settings_loessSpan","settings_t_range","settings_ti_limits","settings_tm_limits","settings_ti_threshold_type","settings_ti_threshold_constant","settings_tm","settings_beta","settings_use_weights","settings_rm_bkrnd","settings_flag1_lim1","settings_flag1_lim2","settings_flag2_lim1","settings_flag2_lim2","settings_threshcoef","settings_fullrunoutput_png","settings_fullrunoutput_statcsv","settings_fullrunyears","settings_fullrunboxes","settings_box","settings_custom_name","settings_polylon","settings_polylat","settings_cell_size_model1","settings_cell_size_model2"
"20230404_154042",FALSE,"CLS",2002,0.349421361418324,0.3123502703039,1.66029740110853,173,186,199,26,23.4674023379611,15.5121967315702,1.18712669854881,1.21107938487905,2,-0.289479249095821,11.3308289847943,6.69403041210208,-0.00107305599890341,0,0.0871886551203115,"atlantic","modisaquar2022.0_chlpoly4","full","2022","daily","TRUE","1","20","sd3","average","","","gauss","symmetric","loess","0.2","85,299","85,180","108,247","percent_thresh","0.1","FALSE","TRUE","TRUE","TRUE","0.75","1.25","0.85","1.15","1.05","FALSE","TRUE","2002,2022","custom,CLS,GS,LAS","custom","","-60,-52.371424,-50,-46.307218,-48.8,-51.888045,-57.732533,-60,-60","63.32779,63.28831,61.117045,59.484497,56.915375,56.066286,59.350346,62.5,63.32779",NA,NA
"20230404_154042",FALSE,"CLS",2003,0.61015497562571,0.61784765778623,2.19521827247739,130,144,158,28,20.4742720944445,20.7636256003403,1.69510646343848,1.40527250889132,NA,-0.291299285883328,10.7370421308039,7.50935260146885,3.23861353558012e-05,0,0.297439517572416,"atlantic","modisaquar2022.0_chlpoly4","full","2022","daily","TRUE","1","20","sd3","average","","","gauss","symmetric","loess","0.2","85,299","85,180","108,247","percent_thresh","0.1","FALSE","TRUE","TRUE","TRUE","0.75","1.25","0.85","1.15","1.05","FALSE","TRUE","2002,2022","custom,CLS,GS,LAS","custom","","-60,-52.371424,-50,-46.307218,-48.8,-51.888045,-57.732533,-60,-60","63.32779,63.28831,61.117045,59.484497,56.915375,56.066286,59.350346,62.5,63.32779",NA,NA
"20230315_155505",TRUE,"CLS",2004,0.554808025117848,0.426995236819144,1.90116706259363,161,191,221,60,53.6876253281191,47.5928408641227,2.49691297429222,1.54989595428065,1,-0.361342892963959,27.8945066358958,16.2292636713955,-0.000176724226311848,0,0.134901052684965,"atlantic","modisaquar2022.0_chlpoly4","full","2004","daily","TRUE","1","20","sd3","average","","","gauss","symmetric","loess","0.2","117,299","122,180","176,247","percent_thresh","0.1","FALSE","TRUE","TRUE","TRUE","0.75","1.25","0.85","1.15","1.05","TRUE","TRUE","2002,2022","CLS,GS,LAS","CLS","",NA,NA,"small","small"
"20230315_142727",TRUE,"CLS",2005,0.471445583181247,0.818520021084245,3.51989436180398,90,159,228,138,97.7680297762101,91.3012470020816,2.81892720595779,1.23386097145074,1,-2.09432230521798,92.7077780775342,38.1940061303737,0.00796643230979611,0,0.16861993887759,"atlantic","modisaquar2022.0_chlpoly4","full","2005","daily","TRUE","1","20","sd3","average","","","gauss","symmetric","loess","0.2","74,238","116,156","121,196","percent_thresh","0.1","TRUE","TRUE","TRUE","TRUE","0.75","1.25","0.85","1.15","1.05","TRUE","TRUE","2002,2022","CLS,GS,LAS","CLS","",NA,NA,"small","small"
"20230315_143007",TRUE,"CLS",2006,0.754260234174801,0.686990780833264,2.26582386387177,132,147,162,30,28.8449860986508,30.4837307743664,2.00914439974618,2.03711316214777,NA,-1.13507259839774,14.3691489214976,7.95198771094242,0.00554288254580474,0,0.234790244592665,"atlantic","modisaquar2022.0_chlpoly4","full","2006","daily","TRUE","1","20","sd3","average","","","gauss","symmetric","loess","0.2","74,238","116,156","121,196","percent_thresh","0.1","TRUE","TRUE","TRUE","TRUE","0.75","1.25","0.85","1.15","1.05","TRUE","TRUE","2002,2022","CLS,GS,LAS","CLS","",NA,NA,"small","small"
"20230404_154042",FALSE,"CLS",2007,0.545133985185428,0.63245771322267,2.22362449331513,116,128,140,24,20.1497183989988,20.7459573175224,1.79722187523807,1.84622968426239,NA,-1.08162688379695,14.4596574672637,6.36188585238233,0.00389567967413638,0,0.26850876178081,"atlantic","modisaquar2022.0_chlpoly4","full","2022","daily","TRUE","1","20","sd3","average","","","gauss","symmetric","loess","0.2","85,299","85,180","108,247","percent_thresh","0.1","FALSE","TRUE","TRUE","TRUE","0.75","1.25","0.85","1.15","1.05","FALSE","TRUE","2002,2022","custom,CLS,GS,LAS","custom","","-60,-52.371424,-50,-46.307218,-48.8,-51.888045,-57.732533,-60,-60","63.32779,63.28831,61.117045,59.484497,56.915375,56.066286,59.350346,62.5,63.32779",NA,NA
"20230315_143112",TRUE,"CLS",2008,0.495314710221809,0.503713300463077,3.23442473466897,107,151,195,88,122.982569649655,117.89101954373,4.10206907974258,3.24513693624987,NA,-2.23964789735975,91.2596327142682,24.0258686334867,0.00827156223593374,0,0.182883199088108,"atlantic","modisaquar2022.0_chlpoly4","full","2008","daily","TRUE","1","20","sd3","average","","","gauss","symmetric","loess","0.2","93,229","130,163","131,177","percent_thresh","0.1","TRUE","TRUE","TRUE","TRUE","0.75","1.25","0.85","1.15","1.05","TRUE","TRUE","2002,2022","CLS,GS,LAS","CLS","",NA,NA,"small","small"
"20230315_143158",TRUE,"CLS",2009,0.284473739799289,0.298149337631111,2.0212152653049,123,174,225,102,34.5935665640063,31.3889347185934,0.986129083517679,0.59345449628356,1,-1.50164752174255,52.8265264700429,28.2250009757364,0.00352946549746554,0,0.0984832978690855,"atlantic","modisaquar2022.0_chlpoly4","full","2009","daily","TRUE","1","20","sd3","average","","","gauss","symmetric","loess","0.2","93,296","130,163","147,207","percent_thresh","0.1","TRUE","TRUE","TRUE","TRUE","0.75","1.25","0.85","1.15","1.05","TRUE","TRUE","2002,2022","CLS,GS,LAS","CLS","",NA,NA,"small","small"
"20230315_143752",TRUE,"CLS",2010,0.729026049418622,0.968240221536101,2.59066317646261,96,160,224,128,79.5174020872414,79.2040137600411,1.81321607409216,1.08342274055956,15,-1.92755321802998,67.6681629469279,35.4893602806551,0.00802777956029918,0,0.139731336779013,"atlantic","modisaquar2022.0_chlpoly4","full","2010","daily","TRUE","1","20","sd3","average","","","gauss","symmetric","loess","0.2","93,252","114,159","115,160","percent_thresh","0.1","TRUE","TRUE","TRUE","TRUE","0.75","1.25","0.85","1.15","1.05","TRUE","TRUE","2002,2022","CLS,GS,LAS","CLS","",NA,NA,"small","small"
"20230404_154042",FALSE,"CLS",2011,0.546629673525482,0.614974026883858,1.95877345489326,161,181,201,40,31.2518878675337,31.9628719717636,1.80923964679504,1.56148621410548,NA,-0.902232810056484,19.3352987160856,10.8969152585397,0.00266633336938065,0,0.190117513175702,"atlantic","modisaquar2022.0_chlpoly4","full","2022","daily","TRUE","1","20","sd3","average","","","gauss","symmetric","loess","0.2","85,299","85,180","108,247","percent_thresh","0.1","FALSE","TRUE","TRUE","TRUE","0.75","1.25","0.85","1.15","1.05","FALSE","TRUE","2002,2022","custom,CLS,GS,LAS","custom","","-60,-52.371424,-50,-46.307218,-48.8,-51.888045,-57.732533,-60,-60","63.32779,63.28831,61.117045,59.484497,56.915375,56.066286,59.350346,62.5,63.32779",NA,NA
"20230404_154042",FALSE,"CLS",2012,0.909801668732143,0.980377623143693,2.27953887563127,125,153,181,56,74.0326271239992,64.7424844204061,2.74231386027811,2.42275545367474,NA,-1.20461036209533,36.2280584064225,15.2945809107956,0.00455082839753028,0,0.195939542303526,"atlantic","modisaquar2022.0_chlpoly4","full","2022","daily","TRUE","1","20","sd3","average","","","gauss","symmetric","loess","0.2","85,299","85,180","108,247","percent_thresh","0.1","FALSE","TRUE","TRUE","TRUE","0.75","1.25","0.85","1.15","1.05","FALSE","TRUE","2002,2022","custom,CLS,GS,LAS","custom","","-60,-52.371424,-50,-46.307218,-48.8,-51.888045,-57.732533,-60,-60","63.32779,63.28831,61.117045,59.484497,56.915375,56.066286,59.350346,62.5,63.32779",NA,NA
"20230315_143910",TRUE,"CLS",2013,0.273679726176148,0.377821359178459,2.7385723149307,99,137,175,76,22.4516467951088,16.37320431789,0.824722645527216,0.368366201073753,12,-2.00447361697588,24.8302418281213,20.7424012165523,0.00926320279274567,0,0.11515851218316,"atlantic","modisaquar2022.0_chlpoly4","full","2013","daily","TRUE","1","20","sd3","average","","","gauss","symmetric","loess","0.2","65,207","114,159","115,160","percent_thresh","0.1","TRUE","TRUE","TRUE","TRUE","0.75","1.25","0.85","1.15","1.05","TRUE","TRUE","2002,2022","CLS,GS,LAS","CLS","",NA,NA,"small","small"
"20230404_154042",FALSE,"CLS",2014,0.609864308079401,0.495791585370164,2.51585379492949,131,146,161,30,103.154137393892,65.7217860202574,13.1959756971262,4.91897687025541,12,-0.492289171342594,22.3939613149926,8.08925425505061,0.000789822149112405,0,0.267612855191951,"atlantic","modisaquar2022.0_chlpoly4","full","2022","daily","TRUE","1","20","sd3","average","","","gauss","symmetric","loess","0.2","85,299","85,180","108,247","percent_thresh","0.1","FALSE","TRUE","TRUE","TRUE","0.75","1.25","0.85","1.15","1.05","FALSE","TRUE","2002,2022","custom,CLS,GS,LAS","custom","","-60,-52.371424,-50,-46.307218,-48.8,-51.888045,-57.732533,-60,-60","63.32779,63.28831,61.117045,59.484497,56.915375,56.066286,59.350346,62.5,63.32779",NA,NA
"20230404_154042",FALSE,"CLS",2015,1.09290327880396,0.916193236860173,2.50818932362951,123,137,151,28,166.889770564264,176.199278076079,20.3498307668603,13.8370672569649,1,0.698970004336019,18.6564938340657,7.43570182610567,-0.00374626713305624,0,0.229702549670442,"atlantic","modisaquar2022.0_chlpoly4","full","2022","daily","TRUE","1","20","sd3","average","","","gauss","symmetric","loess","0.2","85,299","85,180","108,247","percent_thresh","0.1","FALSE","TRUE","TRUE","TRUE","0.75","1.25","0.85","1.15","1.05","FALSE","TRUE","2002,2022","custom,CLS,GS,LAS","custom","","-60,-52.371424,-50,-46.307218,-48.8,-51.888045,-57.732533,-60,-60","63.32779,63.28831,61.117045,59.484497,56.915375,56.066286,59.350346,62.5,63.32779",NA,NA
"20230315_143947",TRUE,"CLS",2016,1.0370594111026,1.82323919766894,5.14577157311025,115,166,217,102,219.948105221292,193.375376180448,7.00883479997963,3.79300052879957,1,-2.13563262044896,76.5227731165386,27.9736846545213,0.01,0,0.154609333442025,"atlantic","modisaquar2022.0_chlpoly4","full","2016","daily","TRUE","1","20","sd3","average","","","gauss","symmetric","loess","0.2","65,249","114,159","115,183","percent_thresh","0.1","TRUE","TRUE","TRUE","TRUE","0.75","1.25","0.85","1.15","1.05","TRUE","TRUE","2002,2022","CLS,GS,LAS","CLS","",NA,NA,"small","small"
"20230315_144049",TRUE,"CLS",2017,1.22365442754324,1.62585550143449,3.86023792505077,168,188,208,40,179.561387352863,210.139464955267,9.7045390586554,12.1233919157581,2,-1.59755139780125,31.8495024544613,10.678293607263,0.00808653121229422,0,0.25357493966226,"atlantic","modisaquar2022.0_chlpoly4","full","2017","daily","TRUE","1","20","sd3","average","","","gauss","symmetric","loess","0.2","65,249","108,159","129,197","percent_thresh","0.1","TRUE","TRUE","TRUE","TRUE","0.75","1.25","0.85","1.15","1.05","TRUE","TRUE","2002,2022","CLS,GS,LAS","CLS","",NA,NA,"small","small"
"20230404_154042",FALSE,"CLS",2018,0.757206376948372,0.827401065654034,2.27081538373903,85,169,253,168,154.513029495796,113.539997899972,4.21615124833685,1.34884740785225,124,-1.2338486151059,106.746428362682,46.8195434527753,0.00302553391788194,0,0.27500687777088,"atlantic","modisaquar2022.0_chlpoly4","full","2022","daily","TRUE","1","20","sd3","average","","","gauss","symmetric","loess","0.2","85,299","85,180","108,247","percent_thresh","0.1","FALSE","TRUE","TRUE","TRUE","0.75","1.25","0.85","1.15","1.05","FALSE","TRUE","2002,2022","custom,CLS,GS,LAS","custom","","-60,-52.371424,-50,-46.307218,-48.8,-51.888045,-57.732533,-60,-60","63.32779,63.28831,61.117045,59.484497,56.915375,56.066286,59.350346,62.5,63.32779",NA,NA
"20230315_144248",TRUE,"CLS",2019,0.688375942312272,0.611075773168925,4.02752268317397,134,178,222,88,212.163313423039,187.882756596374,8.06867079543113,5.00455107503909,1,-1.44464277574471,82.6847628151693,24.3321100235629,0.004538845919616,0,0.253371872358245,"atlantic","modisaquar2022.0_chlpoly4","full","2019","daily","TRUE","1","20","sd3","average","","","gauss","symmetric","loess","0.2","116,268","116,159","160,213","percent_thresh","0.1","TRUE","TRUE","TRUE","TRUE","0.75","1.25","0.85","1.15","1.05","TRUE","TRUE","2002,2022","CLS,GS,LAS","CLS","",NA,NA,"small","small"
"20230404_154042",FALSE,"CLS",2020,0.465154704375558,0.556793654095572,2.8246147667047,134,174,214,80,84.4640453953923,75.0011484576336,2.36322507812533,2.02050400602995,NA,-1.6862621665319,59.6903721875671,21.981512556419,0.0054357246609357,0,0.13702459688235,"atlantic","modisaquar2022.0_chlpoly4","full","2022","daily","TRUE","1","20","sd3","average","","","gauss","symmetric","loess","0.2","85,299","85,180","108,247","percent_thresh","0.1","FALSE","TRUE","TRUE","TRUE","0.75","1.25","0.85","1.15","1.05","FALSE","TRUE","2002,2022","custom,CLS,GS,LAS","custom","","-60,-52.371424,-50,-46.307218,-48.8,-51.888045,-57.732533,-60,-60","63.32779,63.28831,61.117045,59.484497,56.915375,56.066286,59.350346,62.5,63.32779",NA,NA
"20230315_144319",TRUE,"CLS",2021,0.868278006167048,0.855614828889381,1.92723881884297,145,199,253,108,97.8448525041326,97.5271698844295,2.45326767481548,1.71656340424671,1,-0.599139994239017,48.9799347544431,29.7618880632382,0.0014343993450266,0,0.156075625315093,"atlantic","modisaquar2022.0_chlpoly4","full","2021","daily","TRUE","1","20","sd3","average","","","gauss","symmetric","loess","0.2","116,268","116,159","160,213","percent_thresh","0.1","TRUE","TRUE","TRUE","TRUE","0.75","1.25","0.85","1.15","1.05","TRUE","TRUE","2002,2022","CLS,GS,LAS","CLS","",NA,NA,"small","small"
"20230404_154042",FALSE,"CLS",2022,0.856283221590933,1.04762450248832,2.43439073170393,101,123,145,44,111.068096348513,103.537304252669,5.94435278314228,5.540007048099,NA,-0.984192660511833,36.5180927164331,11.7647995818569,0.00418880050817202,0,0.255701453986404,"atlantic","modisaquar2022.0_chlpoly4","full","2022","daily","TRUE","1","20","sd3","average","","","gauss","symmetric","loess","0.2","85,299","85,180","108,247","percent_thresh","0.1","FALSE","TRUE","TRUE","TRUE","0.75","1.25","0.85","1.15","1.05","FALSE","TRUE","2002,2022","custom,CLS,GS,LAS","custom","","-60,-52.371424,-50,-46.307218,-48.8,-51.888045,-57.732533,-60,-60","63.32779,63.28831,61.117045,59.484497,56.915375,56.066286,59.350346,62.5,63.32779",NA,NA
"20230404_154042",FALSE,"CUSTOM",2002,0.378835320270463,0.332045836387785,1.62290706421263,175,186,197,22,15.4163158557394,9.80736249152943,0.942109681729216,0.787931580270521,2,0.197322130515836,6.50602524277374,6.07395900034864,-0.00282173946802781,0,0.0941511310518974,"atlantic","modisaquar2022.0_chlpoly4","full","2022","daily","TRUE","1","20","sd3","average","","","gauss","symmetric","loess","0.2","85,299","85,180","108,247","percent_thresh","0.1","FALSE","TRUE","TRUE","TRUE","0.75","1.25","0.85","1.15","1.05","FALSE","TRUE","2002,2022","custom,CLS,GS,LAS","custom","","-60,-52.371424,-50,-46.307218,-48.8,-51.888045,-57.732533,-60,-60","63.32779,63.28831,61.117045,59.484497,56.915375,56.066286,59.350346,62.5,63.32779",NA,NA
"20230404_154042",FALSE,"CUSTOM",2003,0.755870177075223,0.681664370516061,2.03158946178747,128,139,150,22,71.6103762365419,45.5261233013028,5.61424503781289,4.25235696664701,2,-0.0960959315839088,12.9736860194376,6.00244333840749,-0.000528054163782706,0,0.183693943800331,"atlantic","modisaquar2022.0_chlpoly4","full","2022","daily","TRUE","1","20","sd3","average","","","gauss","symmetric","loess","0.2","85,299","85,180","108,247","percent_thresh","0.1","FALSE","TRUE","TRUE","TRUE","0.75","1.25","0.85","1.15","1.05","FALSE","TRUE","2002,2022","custom,CLS,GS,LAS","custom","","-60,-52.371424,-50,-46.307218,-48.8,-51.888045,-57.732533,-60,-60","63.32779,63.28831,61.117045,59.484497,56.915375,56.066286,59.350346,62.5,63.32779",NA,NA
"20230404_154042",FALSE,"CUSTOM",2004,0.827552018760262,0.810058175451905,1.7496267053086,166,192,218,52,25.1294583281541,28.646718243597,1.82001479935004,0.975992272695271,1,0.218339475629012,12.7089273724712,13.9385102919328,-0.00180420392316479,0,0.174024436059674,"atlantic","modisaquar2022.0_chlpoly4","full","2022","daily","TRUE","1","20","sd3","average","","","gauss","symmetric","loess","0.2","85,299","85,180","108,247","percent_thresh","0.1","FALSE","TRUE","TRUE","TRUE","0.75","1.25","0.85","1.15","1.05","FALSE","TRUE","2002,2022","custom,CLS,GS,LAS","custom","","-60,-52.371424,-50,-46.307218,-48.8,-51.888045,-57.732533,-60,-60","63.32779,63.28831,61.117045,59.484497,56.915375,56.066286,59.350346,62.5,63.32779",NA,NA
"20230404_154042",FALSE,"CUSTOM",2005,0.682298335872783,0.741569975837064,2.0012487625001,165,195,225,60,29.5438109972292,39.3349275335922,3.02133873496994,1.18689223698621,12,-0.708007172454804,21.7295329865587,16.6527766823899,0.00214232211326328,0,0.207970026166351,"atlantic","modisaquar2022.0_chlpoly4","full","2022","daily","TRUE","1","20","sd3","average","","","gauss","symmetric","loess","0.2","85,299","85,180","108,247","percent_thresh","0.1","FALSE","TRUE","TRUE","TRUE","0.75","1.25","0.85","1.15","1.05","FALSE","TRUE","2002,2022","custom,CLS,GS,LAS","custom","","-60,-52.371424,-50,-46.307218,-48.8,-51.888045,-57.732533,-60,-60","63.32779,63.28831,61.117045,59.484497,56.915375,56.066286,59.350346,62.5,63.32779",NA,NA
"20230404_161404",TRUE,"CUSTOM",2006,0.573150301508836,0.61944780052305,2.54929487731577,101,134,167,66,42.8778448464353,45.4870586268493,2.05861877242686,1.35706690609779,1,-1.78403629362499,39.7622936705317,18.2902441402198,0.00830379777562131,0,0.123301019459212,"atlantic","modisaquar2022.0_chlpoly4","full","2006","daily","TRUE","1","20","sd3","average","","","gauss","symmetric","loess","0.2","59,199","85,180","108,198","percent_thresh","0.1","TRUE","TRUE","TRUE","TRUE","0.75","1.25","0.85","1.15","1.05","FALSE","TRUE","2002,2022","custom,CLS,GS,LAS","custom","","-60,-52.371424,-50,-46.307218,-48.8,-51.888045,-57.732533,-60,-60","63.32779,63.28831,61.117045,59.484497,56.915375,56.066286,59.350346,62.5,63.32779",NA,NA
"20230404_154042",FALSE,"CUSTOM",2007,0.694869552440516,0.627077549841315,2.81313490572885,109,123,137,28,130.789201037649,46.503731259251,10.4461816867287,3.53422844016356,12,-0.60953446426395,19.8650948805243,7.77826622376445,0.00148513730466362,0,0.322343964250314,"atlantic","modisaquar2022.0_chlpoly4","full","2022","daily","TRUE","1","20","sd3","average","","","gauss","symmetric","loess","0.2","85,299","85,180","108,247","percent_thresh","0.1","FALSE","TRUE","TRUE","TRUE","0.75","1.25","0.85","1.15","1.05","FALSE","TRUE","2002,2022","custom,CLS,GS,LAS","custom","","-60,-52.371424,-50,-46.307218,-48.8,-51.888045,-57.732533,-60,-60","63.32779,63.28831,61.117045,59.484497,56.915375,56.066286,59.350346,62.5,63.32779",NA,NA
"20230404_154042",FALSE,"CUSTOM",2008,0.383072779935811,0.334378896717686,2.6455331627827,122,143,164,42,104.429199091732,110.188616113162,9.06897564169511,6.86045803429999,NA,-1.09835503458904,44.1810205144667,11.2153231149413,0.00262197974981555,0,0.186167074141481,"atlantic","modisaquar2022.0_chlpoly4","full","2022","daily","TRUE","1","20","sd3","average","","","gauss","symmetric","loess","0.2","85,299","85,180","108,247","percent_thresh","0.1","FALSE","TRUE","TRUE","TRUE","0.75","1.25","0.85","1.15","1.05","FALSE","TRUE","2002,2022","custom,CLS,GS,LAS","custom","","-60,-52.371424,-50,-46.307218,-48.8,-51.888045,-57.732533,-60,-60","63.32779,63.28831,61.117045,59.484497,56.915375,56.066286,59.350346,62.5,63.32779",NA,NA
"20230404_154042",FALSE,"CUSTOM",2009,0.309771646790093,0.357031981483576,1.7850913962136,85,145,205,120,33.1284082458899,30.3158898521946,0.885498028085465,0.469291332927,14,-1.49997052434234,57.5561708585467,33.4425310376966,0.00403360943300202,0,0.159141493344282,"atlantic","modisaquar2022.0_chlpoly4","full","2022","daily","TRUE","1","20","sd3","average","","","gauss","symmetric","loess","0.2","85,299","85,180","108,247","percent_thresh","0.1","FALSE","TRUE","TRUE","TRUE","0.75","1.25","0.85","1.15","1.05","FALSE","TRUE","2002,2022","custom,CLS,GS,LAS","custom","","-60,-52.371424,-50,-46.307218,-48.8,-51.888045,-57.732533,-60,-60","63.32779,63.28831,61.117045,59.484497,56.915375,56.066286,59.350346,62.5,63.32779",NA,NA
"20230404_161652",TRUE,"CUSTOM",2010,0.925479073402654,1.08345022626509,2.41126982555294,107,125,143,36,61.0552812517692,71.8769208900149,3.35147843583573,4.58589951961599,12,-1.1300476216497,27.6053945019886,9.58271921258301,0.00539332387204418,0,0.269592137167123,"atlantic","modisaquar2022.0_chlpoly4","full","2010","daily","TRUE","1","20","sd3","average","","","gauss","symmetric","loess","0.2","73,256","76,143","103,157","percent_thresh","0.1","TRUE","TRUE","TRUE","TRUE","0.75","1.25","0.85","1.15","1.05","FALSE","TRUE","2002,2022","custom,CLS,GS,LAS","custom","","-60,-52.371424,-50,-46.307218,-48.8,-51.888045,-57.732533,-60,-60","63.32779,63.28831,61.117045,59.484497,56.915375,56.066286,59.350346,62.5,63.32779",NA,NA
"20230404_154042",FALSE,"CUSTOM",2011,0.649836332500295,0.631708009395861,2.27654794100632,115,126,137,22,56.9524447425992,29.840099202704,5.63746386525671,3.06097557615039,12,-0.811006653735286,14.9440958788789,5.75305443579114,0.00240065868195855,0,0.239939131401661,"atlantic","modisaquar2022.0_chlpoly4","full","2022","daily","TRUE","1","20","sd3","average","","","gauss","symmetric","loess","0.2","85,299","85,180","108,247","percent_thresh","0.1","FALSE","TRUE","TRUE","TRUE","0.75","1.25","0.85","1.15","1.05","FALSE","TRUE","2002,2022","custom,CLS,GS,LAS","custom","","-60,-52.371424,-50,-46.307218,-48.8,-51.888045,-57.732533,-60,-60","63.32779,63.28831,61.117045,59.484497,56.915375,56.066286,59.350346,62.5,63.32779",NA,NA
"20230404_154042",FALSE,"CUSTOM",2012,0.620727480015294,0.481437224351677,2.16527051112408,140,151,162,22,36.7562019238657,21.6821253770381,2.48265702042058,1.96950661171821,2,-0.161641213003897,9.52717712018359,5.74008316922831,-0.000659115937744499,0,0.243356127056793,"atlantic","modisaquar2022.0_chlpoly4","full","2022","daily","TRUE","1","20","sd3","average","","","gauss","symmetric","loess","0.2","85,299","85,180","108,247","percent_thresh","0.1","FALSE","TRUE","TRUE","TRUE","0.75","1.25","0.85","1.15","1.05","FALSE","TRUE","2002,2022","custom,CLS,GS,LAS","custom","","-60,-52.371424,-50,-46.307218,-48.8,-51.888045,-57.732533,-60,-60","63.32779,63.28831,61.117045,59.484497,56.915375,56.066286,59.350346,62.5,63.32779",NA,NA
"20230404_154042",FALSE,"CUSTOM",2013,0.388535627612157,0.455195417542192,2.19008074544972,116,141,166,50,60.5001672859449,30.5508364512937,3.93667032625317,1.25687835451719,12,-1.31353250442715,30.3777130575087,13.6786853090981,0.00416556953975236,0,0.215998681000459,"atlantic","modisaquar2022.0_chlpoly4","full","2022","daily","TRUE","1","20","sd3","average","","","gauss","symmetric","loess","0.2","85,299","85,180","108,247","percent_thresh","0.1","FALSE","TRUE","TRUE","TRUE","0.75","1.25","0.85","1.15","1.05","FALSE","TRUE","2002,2022","custom,CLS,GS,LAS","custom","","-60,-52.371424,-50,-46.307218,-48.8,-51.888045,-57.732533,-60,-60","63.32779,63.28831,61.117045,59.484497,56.915375,56.066286,59.350346,62.5,63.32779",NA,NA
"20230404_161756",TRUE,"CUSTOM",2014,0.574267871937375,0.352014252131083,3.55136113028852,110,137,164,54,184.433388587378,127.811471888796,8.30933135990155,6.07340024380201,12,-1.198173535917,56.2899142442819,14.557588655184,0.00329668294258696,0,0.244802119633511,"atlantic","modisaquar2022.0_chlpoly4","full","2014","daily","TRUE","1","20","sd3","average","","","gauss","symmetric","loess","0.2","73,256","76,143","103,157","percent_thresh","0.1","TRUE","TRUE","TRUE","TRUE","0.75","1.25","0.85","1.15","1.05","FALSE","TRUE","2002,2022","custom,CLS,GS,LAS","custom","","-60,-52.371424,-50,-46.307218,-48.8,-51.888045,-57.732533,-60,-60","63.32779,63.28831,61.117045,59.484497,56.915375,56.066286,59.350346,62.5,63.32779",NA,NA
"20230404_154042",FALSE,"CUSTOM",2015,0.917568717678567,0.634229685944933,2.92734951176654,108,140,172,64,435.907448269407,474.266539322591,27.1365472981312,19.7188216454254,1,-0.53722978822528,72.2357642061617,17.2862554307824,0.00124615003966855,0,0.191300264225699,"atlantic","modisaquar2022.0_chlpoly4","full","2022","daily","TRUE","1","20","sd3","average","","","gauss","symmetric","loess","0.2","85,299","85,180","108,247","percent_thresh","0.1","FALSE","TRUE","TRUE","TRUE","0.75","1.25","0.85","1.15","1.05","FALSE","TRUE","2002,2022","custom,CLS,GS,LAS","custom","","-60,-52.371424,-50,-46.307218,-48.8,-51.888045,-57.732533,-60,-60","63.32779,63.28831,61.117045,59.484497,56.915375,56.066286,59.350346,62.5,63.32779",NA,NA
"20230404_162107",TRUE,"CUSTOM",2016,1.83081825962635,1.98368655706095,1.74068413642512,149,187,225,76,85.9631837737031,80.6353693712195,2.9861207807602,1.88945980570551,1,-0.318108060824484,22.1441586807309,20.7140581861282,0.00198807896983661,0,0.161881425360929,"atlantic","modisaquar2022.0_chlpoly4","full","2016","daily","TRUE","1","20","sd3","average","","","gauss","symmetric","loess","0.2","120,245","120,143","134,198","percent_thresh","0.1","TRUE","TRUE","TRUE","TRUE","0.75","1.25","0.85","1.15","1.05","FALSE","TRUE","2002,2022","custom,CLS,GS,LAS","custom","","-60,-52.371424,-50,-46.307218,-48.8,-51.888045,-57.732533,-60,-60","63.32779,63.28831,61.117045,59.484497,56.915375,56.066286,59.350346,62.5,63.32779",NA,NA
"20230404_162759",TRUE,"CUSTOM",2017,1.15702279130016,1.28515872219143,1.97420248183999,173,189,205,32,47.8805681236266,51.4805482739418,2.9374585320552,3.13285681491409,NA,-1.33072270369575,15.9165667639038,8.77442178790674,0.00631714759015457,0,0.175573646882774,"atlantic","modisaquar2022.0_chlpoly4","full","2017","daily","TRUE","1","20","sd3","average","","","gauss","symmetric","loess","0.2","120,245","120,143","134,198","percent_thresh","0.1","TRUE","TRUE","TRUE","TRUE","0.75","1.25","0.85","1.15","1.05","FALSE","TRUE","2002,2022","custom,CLS,GS,LAS","custom","","-60,-52.371424,-50,-46.307218,-48.8,-51.888045,-57.732533,-60,-60","63.32779,63.28831,61.117045,59.484497,56.915375,56.066286,59.350346,62.5,63.32779",NA,NA
"20230404_154042",FALSE,"CUSTOM",2018,0.925562484212935,0.97648191948095,1.83928952949123,169,211,253,84,32.0597309024954,32.4117249684851,1.24216427929501,0.658155878733799,1,0.333650102281847,17.7475191444216,22.9814750305923,-0.00250861394913759,0,0.217605322007468,"atlantic","modisaquar2022.0_chlpoly4","full","2022","daily","TRUE","1","20","sd3","average","","","gauss","symmetric","loess","0.2","85,299","85,180","108,247","percent_thresh","0.1","FALSE","TRUE","TRUE","TRUE","0.75","1.25","0.85","1.15","1.05","FALSE","TRUE","2002,2022","custom,CLS,GS,LAS","custom","","-60,-52.371424,-50,-46.307218,-48.8,-51.888045,-57.732533,-60,-60","63.32779,63.28831,61.117045,59.484497,56.915375,56.066286,59.350346,62.5,63.32779",NA,NA
"20230404_154042",FALSE,"CUSTOM",2019,0.745422256039302,0.85886145341983,3.0830930233353,125,135,145,20,38.8837217643523,26.6067639334619,4.46960870017779,3.02094803787418,12,-1.0494095635177,12.3210849784721,5.06636343200302,0.00450776100619911,0,0.399240630669883,"atlantic","modisaquar2022.0_chlpoly4","full","2022","daily","TRUE","1","20","sd3","average","","","gauss","symmetric","loess","0.2","85,299","85,180","108,247","percent_thresh","0.1","FALSE","TRUE","TRUE","TRUE","0.75","1.25","0.85","1.15","1.05","FALSE","TRUE","2002,2022","custom,CLS,GS,LAS","custom","","-60,-52.371424,-50,-46.307218,-48.8,-51.888045,-57.732533,-60,-60","63.32779,63.28831,61.117045,59.484497,56.915375,56.066286,59.350346,62.5,63.32779",NA,NA
"20230404_154042",FALSE,"CUSTOM",2020,0.369571167507513,0.412983381690477,2.52190641618591,103,163,223,120,77.2926273370409,66.8546303007417,3.26134654879942,1.15578882727718,1,-1.96320544822406,90.4832226723383,33.2594583040299,0.00599990609830549,0,0.146583333147868,"atlantic","modisaquar2022.0_chlpoly4","full","2022","daily","TRUE","1","20","sd3","average","","","gauss","symmetric","loess","0.2","85,299","85,180","108,247","percent_thresh","0.1","FALSE","TRUE","TRUE","TRUE","0.75","1.25","0.85","1.15","1.05","FALSE","TRUE","2002,2022","custom,CLS,GS,LAS","custom","","-60,-52.371424,-50,-46.307218,-48.8,-51.888045,-57.732533,-60,-60","63.32779,63.28831,61.117045,59.484497,56.915375,56.066286,59.350346,62.5,63.32779",NA,NA
"20230404_154042",FALSE,"CUSTOM",2021,0.925652586872176,1.10508684688811,2.15090402716329,105,120,135,30,56.5025993054195,39.9515211717143,5.59434522128657,2.75911180502952,12,-0.728065546344943,17.0929292254492,8.05104820952924,0.00323738786445614,0,0.272500499054146,"atlantic","modisaquar2022.0_chlpoly4","full","2022","daily","TRUE","1","20","sd3","average","","","gauss","symmetric","loess","0.2","85,299","85,180","108,247","percent_thresh","0.1","FALSE","TRUE","TRUE","TRUE","0.75","1.25","0.85","1.15","1.05","FALSE","TRUE","2002,2022","custom,CLS,GS,LAS","custom","","-60,-52.371424,-50,-46.307218,-48.8,-51.888045,-57.732533,-60,-60","63.32779,63.28831,61.117045,59.484497,56.915375,56.066286,59.350346,62.5,63.32779",NA,NA
"20230404_154042",FALSE,"CUSTOM",2022,0.883943474693693,0.801957554569794,3.06328017449926,86,120,154,68,448.09782319596,333.264286137042,26.4101412405619,13.7497008989163,12,-1.57244738660451,90.6654168536358,18.6018002357426,0.00642712132105726,0,0.183721795300209,"atlantic","modisaquar2022.0_chlpoly4","full","2022","daily","TRUE","1","20","sd3","average","","","gauss","symmetric","loess","0.2","85,299","85,180","108,247","percent_thresh","0.1","FALSE","TRUE","TRUE","TRUE","0.75","1.25","0.85","1.15","1.05","FALSE","TRUE","2002,2022","custom,CLS,GS,LAS","custom","","-60,-52.371424,-50,-46.307218,-48.8,-51.888045,-57.732533,-60,-60","63.32779,63.28831,61.117045,59.484497,56.915375,56.066286,59.350346,62.5,63.32779",NA,NA
"20230315_135133",TRUE,"GS",2002,0.273931410862887,0.255408071702946,1.41568667948771,213,224,235,22,5.94813893542684,5.60138449630806,0.448131162213167,0.490968549385559,NA,-0.722755007679536,6.83518577064643,5.59042759702258,0.000432595751081371,0,0.079677643964773,"atlantic","modisaquar2022.0_chlpoly4","full","2002","daily","TRUE","1","20","sd3","average","","","gauss","symmetric","loess","0.2","85,299","107,218","108,247","percent_thresh","0.1","FALSE","TRUE","TRUE","TRUE","0.75","1.25","0.85","1.15","1.05","TRUE","TRUE","2002,2022","CLS,GS,LAS","GS","",NA,NA,"small","small"
"20230315_135352",TRUE,"GS",2003,0.958082398238666,0.840065888111861,4.01102104814297,95,135,175,80,301.750463272731,191.801011179129,16.0406820735405,5.72174671602797,12,-1.03422707111826,77.6838556923073,22.1893424180778,0.0030582129466761,0,0.370423024260908,"atlantic","modisaquar2022.0_chlpoly4","full","2003","daily","TRUE","1","20","sd3","average","","","gauss","symmetric","loess","0.2","69,260","72,159","101,161","percent_thresh","0.1","FALSE","TRUE","TRUE","TRUE","0.75","1.25","0.85","1.15","1.05","TRUE","TRUE","2002,2022","CLS,GS,LAS","GS","",NA,NA,"small","small"
"20230404_154042",FALSE,"GS",2004,0.885194049636661,0.875800836214421,2.10991706845709,102,125,148,46,116.108860056902,67.5475022988184,8.88390464083801,3.10005256423989,12,-0.711255404060864,27.8878099005311,12.3261840676105,0.00286468216709849,0,0.265605993561207,"atlantic","modisaquar2022.0_chlpoly4","full","2022","daily","TRUE","1","20","sd3","average","","","gauss","symmetric","loess","0.2","85,299","85,180","108,247","percent_thresh","0.1","FALSE","TRUE","TRUE","TRUE","0.75","1.25","0.85","1.15","1.05","FALSE","TRUE","2002,2022","custom,CLS,GS,LAS","custom","","-60,-52.371424,-50,-46.307218,-48.8,-51.888045,-57.732533,-60,-60","63.32779,63.28831,61.117045,59.484497,56.915375,56.066286,59.350346,62.5,63.32779",NA,NA
"20230404_154042",FALSE,"GS",2005,0.474050283964319,0.423370291939135,2.13364969082589,90,110,130,40,64.8058484131077,38.5473935653116,6.65564913649259,2.06379123438394,12,-0.828471332545798,27.0352147680608,10.9051223763845,0.00182819145033082,0,0.255817823854444,"atlantic","modisaquar2022.0_chlpoly4","full","2022","daily","TRUE","1","20","sd3","average","","","gauss","symmetric","loess","0.2","85,299","85,180","108,247","percent_thresh","0.1","FALSE","TRUE","TRUE","TRUE","0.75","1.25","0.85","1.15","1.05","FALSE","TRUE","2002,2022","custom,CLS,GS,LAS","custom","","-60,-52.371424,-50,-46.307218,-48.8,-51.888045,-57.732533,-60,-60","63.32779,63.28831,61.117045,59.484497,56.915375,56.066286,59.350346,62.5,63.32779",NA,NA
"20230404_154042",FALSE,"GS",2006,0.572165789838147,0.472929621640434,3.56657362563921,98,138,178,80,312.516498079983,193.642600445635,20.7241716501466,6.70171187101596,12,-1.78329219799789,104.370296702173,21.929146611236,0.00519027016000915,0,0.22675763453616,"atlantic","modisaquar2022.0_chlpoly4","full","2022","daily","TRUE","1","20","sd3","average","","","gauss","symmetric","loess","0.2","85,299","85,180","108,247","percent_thresh","0.1","FALSE","TRUE","TRUE","TRUE","0.75","1.25","0.85","1.15","1.05","FALSE","TRUE","2002,2022","custom,CLS,GS,LAS","custom","","-60,-52.371424,-50,-46.307218,-48.8,-51.888045,-57.732533,-60,-60","63.32779,63.28831,61.117045,59.484497,56.915375,56.066286,59.350346,62.5,63.32779",NA,NA
"20230315_140149",TRUE,"GS",2007,0.753140198356751,0.855292928330936,3.51322136210189,89,123,157,68,119.206255547865,78.6716652959873,13.065688014128,2.51807172003556,124,-1.58300207637571,55.2164300951414,18.9507675880281,0.00693202928741406,0,0.371896135578948,"atlantic","modisaquar2022.0_chlpoly4","full","2007","daily","TRUE","1","20","sd3","average","","","gauss","symmetric","loess","0.2","64,217","89,143","90,156","percent_thresh","0.1","FALSE","TRUE","TRUE","TRUE","0.75","1.25","0.85","1.15","1.05","TRUE","TRUE","2002,2022","CLS,GS,LAS","GS","",NA,NA,"small","small"
"20230315_140249",TRUE,"GS",2008,0.361978847385254,0.380048140835796,2.18126727872544,118,137,156,38,10.3393283985991,10.9138695049209,0.969382246327593,0.537602721636374,1,-1.37644072048707,13.6043094586206,10.1442422520986,0.00526779712647306,0,0.213144611120686,"atlantic","modisaquar2022.0_chlpoly4","full","2008","daily","TRUE","1","20","sd3","average","","","gauss","symmetric","loess","0.2","64,234","89,143","90,156","percent_thresh","0.1","FALSE","TRUE","TRUE","TRUE","0.75","1.25","0.85","1.15","1.05","TRUE","TRUE","2002,2022","CLS,GS,LAS","GS","",NA,NA,"small","small"
"20230404_154042",FALSE,"GS",2009,0.369153304994264,0.283799162541622,2.76517708053889,114,148,182,68,136.196223785322,133.854864580356,5.20877059780228,4.9274941045575,NA,-1.01528149869562,68.3485315309133,18.4619052217325,0.00166011842961318,0,0.211764000206429,"atlantic","modisaquar2022.0_chlpoly4","full","2022","daily","TRUE","1","20","sd3","average","","","gauss","symmetric","loess","0.2","85,299","85,180","108,247","percent_thresh","0.1","FALSE","TRUE","TRUE","TRUE","0.75","1.25","0.85","1.15","1.05","FALSE","TRUE","2002,2022","custom,CLS,GS,LAS","custom","","-60,-52.371424,-50,-46.307218,-48.8,-51.888045,-57.732533,-60,-60","63.32779,63.28831,61.117045,59.484497,56.915375,56.066286,59.350346,62.5,63.32779",NA,NA
"20230404_154042",FALSE,"GS",2010,0.485948437126138,0.451617008366784,2.26283776621883,100,137,174,74,63.7173955312027,50.7447654132762,4.98326058481202,1.40560831125324,12,-1.14046064357433,45.6846378093833,20.3597457271098,0.00330134736167951,0,0.26346714826991,"atlantic","modisaquar2022.0_chlpoly4","full","2022","daily","TRUE","1","20","sd3","average","","","gauss","symmetric","loess","0.2","85,299","85,180","108,247","percent_thresh","0.1","FALSE","TRUE","TRUE","TRUE","0.75","1.25","0.85","1.15","1.05","FALSE","TRUE","2002,2022","custom,CLS,GS,LAS","custom","","-60,-52.371424,-50,-46.307218,-48.8,-51.888045,-57.732533,-60,-60","63.32779,63.28831,61.117045,59.484497,56.915375,56.066286,59.350346,62.5,63.32779",NA,NA
"20230404_154042",FALSE,"GS",2011,0.676434660592869,0.579380462946505,2.98968457175663,108,128,148,40,129.683322390098,122.507091333121,11.2016333736266,7.35403036167068,1,-0.573176936667472,37.2015767488659,10.9341101195516,0.000795861178439128,0,0.255350687358568,"atlantic","modisaquar2022.0_chlpoly4","full","2022","daily","TRUE","1","20","sd3","average","","","gauss","symmetric","loess","0.2","85,299","85,180","108,247","percent_thresh","0.1","FALSE","TRUE","TRUE","TRUE","0.75","1.25","0.85","1.15","1.05","FALSE","TRUE","2002,2022","custom,CLS,GS,LAS","custom","","-60,-52.371424,-50,-46.307218,-48.8,-51.888045,-57.732533,-60,-60","63.32779,63.28831,61.117045,59.484497,56.915375,56.066286,59.350346,62.5,63.32779",NA,NA
"20230315_140448",TRUE,"GS",2012,0.725699527950362,0.558465606595532,3.80842392421845,110,141,172,62,129.881068319936,129.161488892504,8.67250902016447,5.3808160561129,1,-1.47611790528702,66.5719666213791,16.7596226474549,0.00449469990415469,0,0.199393856313496,"atlantic","modisaquar2022.0_chlpoly4","full","2012","daily","TRUE","1","20","sd3","average","","","gauss","symmetric","loess","0.2","72,224","103,136","120,171","percent_thresh","0.1","TRUE","TRUE","TRUE","TRUE","0.75","1.25","0.85","1.15","1.05","TRUE","TRUE","2002,2022","CLS,GS,LAS","GS","",NA,NA,"small","small"
"20230404_154042",FALSE,"GS",2013,0.515880144230308,0.462058251761322,3.29095210448414,110,141,172,62,105.868154090558,128.53116316284,4.76198192966879,5.20417627212706,2,-1.32476223577772,63.4819939252824,16.8562875612418,0.00391875646499974,0,0.297893694553628,"atlantic","modisaquar2022.0_chlpoly4","full","2022","daily","TRUE","1","20","sd3","average","","","gauss","symmetric","loess","0.2","85,299","85,180","108,247","percent_thresh","0.1","FALSE","TRUE","TRUE","TRUE","0.75","1.25","0.85","1.15","1.05","FALSE","TRUE","2002,2022","custom,CLS,GS,LAS","custom","","-60,-52.371424,-50,-46.307218,-48.8,-51.888045,-57.732533,-60,-60","63.32779,63.28831,61.117045,59.484497,56.915375,56.066286,59.350346,62.5,63.32779",NA,NA
"20230404_154042",FALSE,"GS",2014,0.626269358738184,0.382767716309279,3.26061339123756,124,151,178,54,148.959043349564,145.317995228482,12.8639976882658,6.32606273841045,1,-0.535312051607052,50.1988149030812,14.9988279572536,0.00014434610154882,0,0.236682953727231,"atlantic","modisaquar2022.0_chlpoly4","full","2022","daily","TRUE","1","20","sd3","average","","","gauss","symmetric","loess","0.2","85,299","85,180","108,247","percent_thresh","0.1","FALSE","TRUE","TRUE","TRUE","0.75","1.25","0.85","1.15","1.05","FALSE","TRUE","2002,2022","custom,CLS,GS,LAS","custom","","-60,-52.371424,-50,-46.307218,-48.8,-51.888045,-57.732533,-60,-60","63.32779,63.28831,61.117045,59.484497,56.915375,56.066286,59.350346,62.5,63.32779",NA,NA
"20230315_140644",TRUE,"GS",2015,0.99868679721747,0.730770789406061,3.45718231027534,103,127,151,48,175.844395194186,119.794706519338,11.8932497485992,5.67335460565314,124,-0.954644209910198,41.7786215300692,13.3770124150786,0.00384172378396472,0,0.367267263965253,"atlantic","modisaquar2022.0_chlpoly4","full","2015","daily","TRUE","1","20","sd3","average","","","gauss","symmetric","loess","0.2","72,223","103,136","120,171","percent_thresh","0.1","FALSE","TRUE","TRUE","TRUE","0.75","1.25","0.85","1.15","1.05","TRUE","TRUE","2002,2022","CLS,GS,LAS","GS","",NA,NA,"small","small"
"20230404_154042",FALSE,"GS",2016,0.631248496751487,0.682422675051606,2.16931835912414,126,142,158,32,42.8575169760624,42.1804744761309,2.94100049141401,2.82854133092358,NA,-1.0217000626588,21.9843565936588,8.74218370471074,0.00362974638152213,0,0.209212494352596,"atlantic","modisaquar2022.0_chlpoly4","full","2022","daily","TRUE","1","20","sd3","average","","","gauss","symmetric","loess","0.2","85,299","85,180","108,247","percent_thresh","0.1","FALSE","TRUE","TRUE","TRUE","0.75","1.25","0.85","1.15","1.05","FALSE","TRUE","2002,2022","custom,CLS,GS,LAS","custom","","-60,-52.371424,-50,-46.307218,-48.8,-51.888045,-57.732533,-60,-60","63.32779,63.28831,61.117045,59.484497,56.915375,56.066286,59.350346,62.5,63.32779",NA,NA
"20230404_154042",FALSE,"GS",2017,0.532571056060176,0.398159545089564,2.792866185513,102,134,166,64,301.458515971712,182.853190419282,20.0441646344319,7.0986699870637,12,-0.762510671251945,63.7880017036658,17.4298636474326,0.00126123723817206,0,0.248838080898815,"atlantic","modisaquar2022.0_chlpoly4","full","2022","daily","TRUE","1","20","sd3","average","","","gauss","symmetric","loess","0.2","85,299","85,180","108,247","percent_thresh","0.1","FALSE","TRUE","TRUE","TRUE","0.75","1.25","0.85","1.15","1.05","FALSE","TRUE","2002,2022","custom,CLS,GS,LAS","custom","","-60,-52.371424,-50,-46.307218,-48.8,-51.888045,-57.732533,-60,-60","63.32779,63.28831,61.117045,59.484497,56.915375,56.066286,59.350346,62.5,63.32779",NA,NA
"20230404_154042",FALSE,"GS",2018,0.57582877314719,0.458946529265181,3.51600747097262,123,148,173,50,871.930472785322,271.776715346242,73.7522178338127,14.3525705330156,12,-0.88757133296121,58.9777675122497,13.7770712474175,0.0023329636785281,0,0.287682867778213,"atlantic","modisaquar2022.0_chlpoly4","full","2022","daily","TRUE","1","20","sd3","average","","","gauss","symmetric","loess","0.2","85,299","85,180","108,247","percent_thresh","0.1","FALSE","TRUE","TRUE","TRUE","0.75","1.25","0.85","1.15","1.05","FALSE","TRUE","2002,2022","custom,CLS,GS,LAS","custom","","-60,-52.371424,-50,-46.307218,-48.8,-51.888045,-57.732533,-60,-60","63.32779,63.28831,61.117045,59.484497,56.915375,56.066286,59.350346,62.5,63.32779",NA,NA
"20230315_140953",TRUE,"GS",2019,0.544395907743511,0.630750937837686,3.0591999701533,105,120,135,30,33.3652698116619,28.6448428036194,3.623642674572,2.00718217512912,15,-1.45315247168441,20.6766344336389,8.32686570215539,0.00676606986346317,0,0.342478424317487,"atlantic","modisaquar2022.0_chlpoly4","full","2019","daily","TRUE","1","20","sd3","average","","","gauss","symmetric","loess","0.2","72,223","103,136","120,171","percent_thresh","0.1","TRUE","TRUE","TRUE","TRUE","0.75","1.25","0.85","1.15","1.05","TRUE","TRUE","2002,2022","CLS,GS,LAS","GS","",NA,NA,"small","small"
"20230404_154042",FALSE,"GS",2020,0.333072597277665,0.29740368398661,2.40494956010711,126,144,162,36,27.4277779085755,28.100163223319,1.72580240989269,1.68815819135116,NA,-1.0546455271733,23.322650359078,9.62228659746926,0.00253253091578071,0,0.245362961196509,"atlantic","modisaquar2022.0_chlpoly4","full","2022","daily","TRUE","1","20","sd3","average","","","gauss","symmetric","loess","0.2","85,299","85,180","108,247","percent_thresh","0.1","FALSE","TRUE","TRUE","TRUE","0.75","1.25","0.85","1.15","1.05","FALSE","TRUE","2002,2022","custom,CLS,GS,LAS","custom","","-60,-52.371424,-50,-46.307218,-48.8,-51.888045,-57.732533,-60,-60","63.32779,63.28831,61.117045,59.484497,56.915375,56.066286,59.350346,62.5,63.32779",NA,NA
"20230404_154042",FALSE,"GS",2021,0.897356261888007,0.798857460484493,2.24187884446816,99,127,155,56,117.62390589884,89.433823494407,6.43120131939333,3.4069535860275,12,-0.590012743946169,36.0558744965468,15.1155855683117,0.00174997187060838,0,0.245707955066706,"atlantic","modisaquar2022.0_chlpoly4","full","2022","daily","TRUE","1","20","sd3","average","","","gauss","symmetric","loess","0.2","85,299","85,180","108,247","percent_thresh","0.1","FALSE","TRUE","TRUE","TRUE","0.75","1.25","0.85","1.15","1.05","FALSE","TRUE","2002,2022","custom,CLS,GS,LAS","custom","","-60,-52.371424,-50,-46.307218,-48.8,-51.888045,-57.732533,-60,-60","63.32779,63.28831,61.117045,59.484497,56.915375,56.066286,59.350346,62.5,63.32779",NA,NA
"20230315_141033",TRUE,"GS",2022,0.778925895634181,0.687769777316155,3.05176568580597,113,141,169,56,102.583469822158,112.312749532391,6.25646425573711,4.57613355806717,1,-0.884417665297197,47.5423928755488,15.4612770235281,0.00244509598415189,0,0.212075251035713,"atlantic","modisaquar2022.0_chlpoly4","full","2022","daily","TRUE","1","20","sd3","average","","","gauss","symmetric","loess","0.2","72,223","103,136","120,171","percent_thresh","0.1","TRUE","TRUE","TRUE","TRUE","0.75","1.25","0.85","1.15","1.05","TRUE","TRUE","2002,2022","CLS,GS,LAS","GS","",NA,NA,"small","small"
"20230404_154042",FALSE,"LAS",2002,0.608391270691821,0.622402303742898,1.52589315422264,176,195,214,38,16.1989687731169,16.1020729414169,1.00390384351629,0.769566615907262,NA,-0.400620846159686,10.6691596747883,10.1154054707365,0.00037614024372166,0,0.115813357247493,"atlantic","modisaquar2022.0_chlpoly4","full","2022","daily","TRUE","1","20","sd3","average","","","gauss","symmetric","loess","0.2","85,299","85,180","108,247","percent_thresh","0.1","FALSE","TRUE","TRUE","TRUE","0.75","1.25","0.85","1.15","1.05","FALSE","TRUE","2002,2022","custom,CLS,GS,LAS","custom","","-60,-52.371424,-50,-46.307218,-48.8,-51.888045,-57.732533,-60,-60","63.32779,63.28831,61.117045,59.484497,56.915375,56.066286,59.350346,62.5,63.32779",NA,NA
"20230315_141211",TRUE,"LAS",2003,0.419333592746049,0.325917756227843,2.79794096829591,136,153,170,34,101.771395935802,121.720552802946,8.60652804226168,9.76855393468493,25,-1.18832202615819,38.8500321298574,9.05866578511921,0.00310938285644788,0,0.110738511639895,"atlantic","modisaquar2022.0_chlpoly4","full","2003","daily","TRUE","1","20","sd3","average","","","gauss","symmetric","loess","0.2","72,223","100,136","153,171","percent_thresh","0.1","TRUE","TRUE","TRUE","TRUE","0.75","1.25","0.85","1.15","1.05","TRUE","TRUE","2002,2022","CLS,GS,LAS","LAS","",NA,NA,"small","small"
"20230404_154042",FALSE,"LAS",2004,0.53621824505128,0.520560622533002,1.81624573367186,141,160,179,38,28.5610760476772,24.9454312671453,1.34481452694967,1.3178135256479,NA,-1.21112563809156,19.7931951119116,10.2558362529697,0.0040117883697217,0,0.149418675116845,"atlantic","modisaquar2022.0_chlpoly4","full","2022","daily","TRUE","1","20","sd3","average","","","gauss","symmetric","loess","0.2","85,299","85,180","108,247","percent_thresh","0.1","FALSE","TRUE","TRUE","TRUE","0.75","1.25","0.85","1.15","1.05","FALSE","TRUE","2002,2022","custom,CLS,GS,LAS","custom","","-60,-52.371424,-50,-46.307218,-48.8,-51.888045,-57.732533,-60,-60","63.32779,63.28831,61.117045,59.484497,56.915375,56.066286,59.350346,62.5,63.32779",NA,NA
"20230404_154042",FALSE,"LAS",2005,0.432435869840638,0.382722852236712,2.10193068711909,108,145,182,74,76.2338898763725,54.5069801246703,3.92079637354908,1.52109214022443,12,-1.21210320127898,49.1550967315417,20.6089929152897,0.00340843495789861,0,0.222447589625697,"atlantic","modisaquar2022.0_chlpoly4","full","2022","daily","TRUE","1","20","sd3","average","","","gauss","symmetric","loess","0.2","85,299","85,180","108,247","percent_thresh","0.1","FALSE","TRUE","TRUE","TRUE","0.75","1.25","0.85","1.15","1.05","FALSE","TRUE","2002,2022","custom,CLS,GS,LAS","custom","","-60,-52.371424,-50,-46.307218,-48.8,-51.888045,-57.732533,-60,-60","63.32779,63.28831,61.117045,59.484497,56.915375,56.066286,59.350346,62.5,63.32779",NA,NA
"20230404_154042",FALSE,"LAS",2006,0.383098981236866,0.288662870554118,2.1202337374266,85,132,179,94,57.4947591309163,48.320729935562,2.80657532118142,1.11120571602514,124,-1.65343962230315,74.2247719641985,26.1966493128623,0.00456292299497219,0,0.209364006570603,"atlantic","modisaquar2022.0_chlpoly4","full","2022","daily","TRUE","1","20","sd3","average","","","gauss","symmetric","loess","0.2","85,299","85,180","108,247","percent_thresh","0.1","FALSE","TRUE","TRUE","TRUE","0.75","1.25","0.85","1.15","1.05","FALSE","TRUE","2002,2022","custom,CLS,GS,LAS","custom","","-60,-52.371424,-50,-46.307218,-48.8,-51.888045,-57.732533,-60,-60","63.32779,63.28831,61.117045,59.484497,56.915375,56.066286,59.350346,62.5,63.32779",NA,NA
"20230404_154042",FALSE,"LAS",2007,0.340421822389735,0.354847807280073,1.67413325681577,144,171,198,54,15.6670707656721,16.0877643556778,0.586229778332943,0.54958801722159,NA,-1.19596836992805,19.269277694417,14.6353957930314,0.0033019691154101,0,0.117409776715475,"atlantic","modisaquar2022.0_chlpoly4","full","2022","daily","TRUE","1","20","sd3","average","","","gauss","symmetric","loess","0.2","85,299","85,180","108,247","percent_thresh","0.1","FALSE","TRUE","TRUE","TRUE","0.75","1.25","0.85","1.15","1.05","FALSE","TRUE","2002,2022","custom,CLS,GS,LAS","custom","","-60,-52.371424,-50,-46.307218,-48.8,-51.888045,-57.732533,-60,-60","63.32779,63.28831,61.117045,59.484497,56.915375,56.066286,59.350346,62.5,63.32779",NA,NA
"20230315_141557",TRUE,"LAS",2008,0.29363891755627,0.245373431683353,2.08037518142634,120,146,172,52,47.8729200334348,50.3660214690436,1.89013809844353,2.16121240916241,5,-1.01924366271575,40.3628828852081,14.2427940129796,0.00175874740800309,0,0.104648994730425,"atlantic","modisaquar2022.0_chlpoly4","full","2008","daily","TRUE","1","20","sd3","average","","","gauss","symmetric","loess","0.2","70,228","139,146","146,167","percent_thresh","0.1","TRUE","TRUE","TRUE","TRUE","0.75","1.25","0.85","1.15","1.05","TRUE","TRUE","2002,2022","CLS,GS,LAS","LAS","",NA,NA,"small","small"
"20230404_154042",FALSE,"LAS",2009,0.492059752129942,0.438372808778279,2.15477890507353,134,166,198,64,59.0819902356652,44.6474737238881,2.72207909635211,1.48377202540121,12,-1.76346976975659,44.6949288087992,17.5191262122221,0.00578842163856202,0,0.204047670172948,"atlantic","modisaquar2022.0_chlpoly4","full","2022","daily","TRUE","1","20","sd3","average","","","gauss","symmetric","loess","0.2","85,299","85,180","108,247","percent_thresh","0.1","FALSE","TRUE","TRUE","TRUE","0.75","1.25","0.85","1.15","1.05","FALSE","TRUE","2002,2022","custom,CLS,GS,LAS","custom","","-60,-52.371424,-50,-46.307218,-48.8,-51.888045,-57.732533,-60,-60","63.32779,63.28831,61.117045,59.484497,56.915375,56.066286,59.350346,62.5,63.32779",NA,NA
"20230404_154042",FALSE,"LAS",2010,0.779569590979702,0.713538617397756,2.00278520584324,120,137,154,34,49.9796399892387,51.5104678249668,4.22299340041095,2.97127948549273,1,-0.209818128592679,18.3292550598792,9.47049984471375,-6.53628833605423e-05,0,0.170984978216987,"atlantic","modisaquar2022.0_chlpoly4","full","2022","daily","TRUE","1","20","sd3","average","","","gauss","symmetric","loess","0.2","85,299","85,180","108,247","percent_thresh","0.1","FALSE","TRUE","TRUE","TRUE","0.75","1.25","0.85","1.15","1.05","FALSE","TRUE","2002,2022","custom,CLS,GS,LAS","custom","","-60,-52.371424,-50,-46.307218,-48.8,-51.888045,-57.732533,-60,-60","63.32779,63.28831,61.117045,59.484497,56.915375,56.066286,59.350346,62.5,63.32779",NA,NA
"20230404_154042",FALSE,"LAS",2011,0.466338098137092,0.375980423084235,1.9910345252437,125,148,171,46,47.8111491590371,35.0165897232256,2.43356304923057,1.54262707291971,12,-0.976016595366503,26.6947165340994,12.6395995574098,0.00262895950455392,0,0.176129289980241,"atlantic","modisaquar2022.0_chlpoly4","full","2022","daily","TRUE","1","20","sd3","average","","","gauss","symmetric","loess","0.2","85,299","85,180","108,247","percent_thresh","0.1","FALSE","TRUE","TRUE","TRUE","0.75","1.25","0.85","1.15","1.05","FALSE","TRUE","2002,2022","custom,CLS,GS,LAS","custom","","-60,-52.371424,-50,-46.307218,-48.8,-51.888045,-57.732533,-60,-60","63.32779,63.28831,61.117045,59.484497,56.915375,56.066286,59.350346,62.5,63.32779",NA,NA
"20230404_154042",FALSE,"LAS",2012,0.298654446095121,0.246354996312517,1.98202314731848,90,143,196,106,52.9651178258485,54.1505594334219,1.54660575681547,1.14478837624803,1,-1.85530804118246,88.9632503125282,29.0488765592116,0.00502891406473821,0,0.148165432065831,"atlantic","modisaquar2022.0_chlpoly4","full","2022","daily","TRUE","1","20","sd3","average","","","gauss","symmetric","loess","0.2","85,299","85,180","108,247","percent_thresh","0.1","FALSE","TRUE","TRUE","TRUE","0.75","1.25","0.85","1.15","1.05","FALSE","TRUE","2002,2022","custom,CLS,GS,LAS","custom","","-60,-52.371424,-50,-46.307218,-48.8,-51.888045,-57.732533,-60,-60","63.32779,63.28831,61.117045,59.484497,56.915375,56.066286,59.350346,62.5,63.32779",NA,NA
"20230404_154042",FALSE,"LAS",2013,0.339062087208889,0.294662284304311,1.80112488017247,105,140,175,70,53.5435247752221,52.9302247163263,2.20678166704262,1.63547155684081,1,-1.17209448454417,48.9570900045003,19.0499833072638,0.00288231846520186,0,0.13655186326815,"atlantic","modisaquar2022.0_chlpoly4","full","2022","daily","TRUE","1","20","sd3","average","","","gauss","symmetric","loess","0.2","85,299","85,180","108,247","percent_thresh","0.1","FALSE","TRUE","TRUE","TRUE","0.75","1.25","0.85","1.15","1.05","FALSE","TRUE","2002,2022","custom,CLS,GS,LAS","custom","","-60,-52.371424,-50,-46.307218,-48.8,-51.888045,-57.732533,-60,-60","63.32779,63.28831,61.117045,59.484497,56.915375,56.066286,59.350346,62.5,63.32779",NA,NA
"20230404_154042",FALSE,"LAS",2014,0.307754558749873,0.28626249049288,1.7947512015929,146,169,192,46,34.0988504077214,20.80804827324,1.21086442610784,0.887890466807197,12,-1.2902531580312,24.9903063756588,12.7986407277633,0.00318737600601662,0,0.154138957446128,"atlantic","modisaquar2022.0_chlpoly4","full","2022","daily","TRUE","1","20","sd3","average","","","gauss","symmetric","loess","0.2","85,299","85,180","108,247","percent_thresh","0.1","FALSE","TRUE","TRUE","TRUE","0.75","1.25","0.85","1.15","1.05","FALSE","TRUE","2002,2022","custom,CLS,GS,LAS","custom","","-60,-52.371424,-50,-46.307218,-48.8,-51.888045,-57.732533,-60,-60","63.32779,63.28831,61.117045,59.484497,56.915375,56.066286,59.350346,62.5,63.32779",NA,NA
"20230404_154042",FALSE,"LAS",2015,0.565834295515228,0.488069979238614,2.20677042506191,123,147,171,48,60.385070685105,56.7269205957387,3.84164047840036,2.7370192005041,1,-1.32112392734287,38.5296177931136,12.8663436525035,0.0040298842342216,0,0.136460225909088,"atlantic","modisaquar2022.0_chlpoly4","full","2022","daily","TRUE","1","20","sd3","average","","","gauss","symmetric","loess","0.2","85,299","85,180","108,247","percent_thresh","0.1","FALSE","TRUE","TRUE","TRUE","0.75","1.25","0.85","1.15","1.05","FALSE","TRUE","2002,2022","custom,CLS,GS,LAS","custom","","-60,-52.371424,-50,-46.307218,-48.8,-51.888045,-57.732533,-60,-60","63.32779,63.28831,61.117045,59.484497,56.915375,56.066286,59.350346,62.5,63.32779",NA,NA
"20230404_154042",FALSE,"LAS",2016,0.746521037274823,0.646599167018624,2.10559929900954,108,150,192,84,100.916837264455,104.333877831124,3.15653300502012,3.08574090523339,NA,-2.42149023742754,91.1811554486406,22.8568731583505,0.00887100322816583,0,0.12489727976723,"atlantic","modisaquar2022.0_chlpoly4","full","2022","daily","TRUE","1","20","sd3","average","","","gauss","symmetric","loess","0.2","85,299","85,180","108,247","percent_thresh","0.1","FALSE","TRUE","TRUE","TRUE","0.75","1.25","0.85","1.15","1.05","FALSE","TRUE","2002,2022","custom,CLS,GS,LAS","custom","","-60,-52.371424,-50,-46.307218,-48.8,-51.888045,-57.732533,-60,-60","63.32779,63.28831,61.117045,59.484497,56.915375,56.066286,59.350346,62.5,63.32779",NA,NA
"20230404_154042",FALSE,"LAS",2017,0.390427249219014,0.330427273254509,1.95486446206569,107,145,183,76,39.8349635093858,30.211674746466,1.56012285079728,0.80844701393264,12,-1.74679320374515,48.8030152975371,21.0631562171809,0.00541476166564025,0,0.176689162216198,"atlantic","modisaquar2022.0_chlpoly4","full","2022","daily","TRUE","1","20","sd3","average","","","gauss","symmetric","loess","0.2","85,299","85,180","108,247","percent_thresh","0.1","FALSE","TRUE","TRUE","TRUE","0.75","1.25","0.85","1.15","1.05","FALSE","TRUE","2002,2022","custom,CLS,GS,LAS","custom","","-60,-52.371424,-50,-46.307218,-48.8,-51.888045,-57.732533,-60,-60","63.32779,63.28831,61.117045,59.484497,56.915375,56.066286,59.350346,62.5,63.32779",NA,NA
"20230404_154042",FALSE,"LAS",2018,0.501046468031316,0.494195716363421,1.72133936220986,177,192,207,30,15.4635430660833,12.316795423851,1.37709263337105,0.769486255765805,12,-0.569075997545241,9.0198018241619,7.8054806249671,0.000930460078203203,0,0.177721156035718,"atlantic","modisaquar2022.0_chlpoly4","full","2022","daily","TRUE","1","20","sd3","average","","","gauss","symmetric","loess","0.2","85,299","85,180","108,247","percent_thresh","0.1","FALSE","TRUE","TRUE","TRUE","0.75","1.25","0.85","1.15","1.05","FALSE","TRUE","2002,2022","custom,CLS,GS,LAS","custom","","-60,-52.371424,-50,-46.307218,-48.8,-51.888045,-57.732533,-60,-60","63.32779,63.28831,61.117045,59.484497,56.915375,56.066286,59.350346,62.5,63.32779",NA,NA
"20230404_154042",FALSE,"LAS",2019,0.436375566149195,0.416318442434173,1.85914432595996,108,157,206,98,37.8002118128431,29.8804732710919,1.21356500126772,0.557027541069363,12,-1.40234495515186,38.6738642863716,26.8039021782085,0.00450149823178142,0,0.165864850243471,"atlantic","modisaquar2022.0_chlpoly4","full","2022","daily","TRUE","1","20","sd3","average","","","gauss","symmetric","loess","0.2","85,299","85,180","108,247","percent_thresh","0.1","FALSE","TRUE","TRUE","TRUE","0.75","1.25","0.85","1.15","1.05","FALSE","TRUE","2002,2022","custom,CLS,GS,LAS","custom","","-60,-52.371424,-50,-46.307218,-48.8,-51.888045,-57.732533,-60,-60","63.32779,63.28831,61.117045,59.484497,56.915375,56.066286,59.350346,62.5,63.32779",NA,NA
"20230404_154042",FALSE,"LAS",2020,0.584907132066573,0.56612401242703,2.37318836003925,126,158,190,64,60.298357633276,58.1363290939981,2.14964593508224,1.88650696523939,NA,-1.24015447399954,40.4824145265947,17.5055154543582,0.00410453509826039,0,0.264669027044875,"atlantic","modisaquar2022.0_chlpoly4","full","2022","daily","TRUE","1","20","sd3","average","","","gauss","symmetric","loess","0.2","85,299","85,180","108,247","percent_thresh","0.1","FALSE","TRUE","TRUE","TRUE","0.75","1.25","0.85","1.15","1.05","FALSE","TRUE","2002,2022","custom,CLS,GS,LAS","custom","","-60,-52.371424,-50,-46.307218,-48.8,-51.888045,-57.732533,-60,-60","63.32779,63.28831,61.117045,59.484497,56.915375,56.066286,59.350346,62.5,63.32779",NA,NA
"20230404_154042",FALSE,"LAS",2021,0.684652054321561,0.687313666631614,1.97897581361194,103,138,173,70,61.9372829577806,53.1449866822625,2.42481675508363,1.56202466541039,1,-1.27816427722696,43.0637619148091,19.1089839355644,0.00457516618097791,0,0.167522944167512,"atlantic","modisaquar2022.0_chlpoly4","full","2022","daily","TRUE","1","20","sd3","average","","","gauss","symmetric","loess","0.2","85,299","85,180","108,247","percent_thresh","0.1","FALSE","TRUE","TRUE","TRUE","0.75","1.25","0.85","1.15","1.05","FALSE","TRUE","2002,2022","custom,CLS,GS,LAS","custom","","-60,-52.371424,-50,-46.307218,-48.8,-51.888045,-57.732533,-60,-60","63.32779,63.28831,61.117045,59.484497,56.915375,56.066286,59.350346,62.5,63.32779",NA,NA
"20230315_142229",TRUE,"LAS",2022,0.455871495650873,0.330600229092744,2.46001877937683,122,137,152,30,35.375012501789,31.8339855537764,2.17142097950343,2.25010263589251,4,-0.658608141571382,21.2926659910391,8.36063275942415,0.000283264635907744,0,0.14593916245721,"atlantic","modisaquar2022.0_chlpoly4","full","2022","daily","TRUE","1","20","sd3","average","","","gauss","symmetric","loess","0.2","83,213","122,156","124,167","percent_thresh","0.1","FALSE","TRUE","TRUE","TRUE","0.75","1.25","0.85","1.15","1.05","TRUE","TRUE","2002,2022","CLS,GS,LAS","LAS","",NA,NA,"small","small"
